{"500": {"write_latency": 0.0048563480377197266, "read_latency": 0.00047516822814941406}, "5000": {"write_latency": 0.004952192306518555, "read_latency": 0.0005581378936767578}}