{"500": {"write_latency": 0.004871845245361328, "read_latency": 0.0007226467132568359}, "5000": {"write_latency": 0.003973722457885742, "read_latency": 0.0005369186401367188}}