{"500": {"write_latenct": 0.002118825912475586, "read_latency": 0.0005505084991455078}, "5000": {"write_latenct": 0.0013582706451416016, "read_latency": 0.0012023448944091797}}