{"500": {"write_latenct": 0.0032346248626708984, "read_latency": 0.0005733966827392578}, "5000": {"write_latenct": 0.003043651580810547, "read_latency": 0.000644683837890625}}


