{"500": {"write_latency": 0.006861448287963867, "read_latency": 0.0005252361297607422}, "5000": {"write_latency": 0.007355213165283203, "read_latency": 0.0005662441253662109}}