{"500": {"write_latency": 5.029696464538574, "read_latency": 0.0005550384521484375}, "5000": {"write_latency": 0.006067037582397461, "read_latency": 0.0005395412445068359}}