{"500": {"write_latency": 0.005758523941040039, "read_latency": 0.0003802776336669922}, "5000": {"write_latency": 0.005398750305175781, "read_latency": 0.000461578369140625}}