{"500": {"write_latency": 1.0059988498687744, "read_latency": 0.00044608116149902344}, "5000": {"write_latency": 0.004201412200927734, "read_latency": 0.00045871734619140625}}