{"500": {"write_latency": 0.0026814937591552734, "read_latency": 0.0005228519439697266}, "5000": {"write_latency": 0.0019099712371826172, "read_latency": 0.0005011558532714844}}