{"500": {"write_latency": 0.0027675628662109375, "read_latency": 0.0005288124084472656}, "5000": {"write_latency": 0.002799510955810547, "read_latency": 0.0005655288696289062}}