{"500": {"write_latency": 0.0038187503814697266, "read_latency": 0.0003802776336669922}, "5000": {"write_latency": 0.003757476806640625, "read_latency": 0.0004405975341796875}}