{"500": {"write_latency": 4.010217189788818, "read_latency": 0.00045228004455566406}, "5000": {"write_latency": 0.0028221607208251953, "read_latency": 0.0004909038543701172}}